---
layout: post
title: "My SQL basic ë©”ëª¨"
date: 2021-11-30 20:42:00 +0900
parent: Sql
categories: sql, mysql, basic
nav_order: 2
comments: false
---

*2021-11-30 20:42 ì‘ì„±*

# My SQL basic ë©”ëª¨

## 1. SQL ì •ì˜
SQLì€ Structured query languageë¥¼ ì˜ë¯¸í•˜ê³  ë‹¤ìŒì˜ ì„¸ ê°€ì§€ë¥¼ í¬í•¨í•œë‹¤.

1. í…Œì´ë¸”, ë·°, íŠ¸ë¦¬ê±°, ì €ì¥ëœ ì ˆì°¨ ë“±ì„ ì˜ë¯¸í•˜ëŠ” ì •ì˜ì  ì–¸ì–´
2. ë°ì´í„° ì—…ë°ì´íŠ¸, ì¿¼ë¦¬ë¥¼ ìˆ˜í–‰í•˜ëŠ” ì¡°ì‘ì  ì–¸ì–´
3. ìœ ì €ê°€ íŠ¹ì • ë°ì´í„°ë² ì´ìŠ¤ì— ì ‘ê·¼í•˜ëŠ” ê²ƒì„ í—ˆìš©/ë¶ˆí—ˆìš©í•˜ëŠ” í†µì œì  ì–¸ì–´

## 2. MySQL ëª…ë ¹ì–´

### A. SELECT

| ëª…ë ¹ì–´                       | ì„¤ëª…              |
| ---------------------------- | ---------------- |
| `SELECT 1 + 1`               | `2`              |
| `SELECT NOW()`               | `2021-11-30 15:54:24` |
| `SELECT CONCAT('John', ' ', 'Doe')` | `John Doe` |
| `SELECT select_list FROM dual` | `dual`ì€ dummy clauseë¡œ ì‹¤ì œì  ì˜ë¯¸ë¥¼ ê°–ì§€ ì•ŠëŠ”ë‹¤. ì‹¤ì œ tableì„ ì§€ì •í•˜ì§€ ì•Šê³  `FROM`ì„ ì‚¬ìš©í•´ì•¼ í•  ê²½ìš° ì‚¬ìš©í•œë‹¤. |
| `SELECT expression AS column_alias;` = `SELECT expression column_alias;` (e.g. `SELECT CONCAT('Jane',' ','Doe') AS 'Full name';`, `SELECT CONCAT('John',' ','Doe') AS name;`) | `AS` ì´í•˜ì˜ `column_alias`ë¡œ ì´ë¦„ì„ ë³€ê²½í•  ìˆ˜ ìˆë‹¤. |

### B. ORDER BY - ì •ë ¬
<p align="center">
  <img src="https://www.mysqltutorial.org/wp-content/uploads/2021/07/MySQL-ORDER-BY.svg" width="350" title="order by">
</p>

| ëª…ë ¹ì–´                       | ì„¤ëª…              |
| ---------------------------- | ---------------- |
| `ORDER BY column1 ASC, column2 DESC;` | `column1`ì„ ascending ë°©ì‹ìœ¼ë¡œ ì •ë ¬í•œ ë’¤ ì •ë ¬ê°’ì„ `column2`ì˜ ê¸°ì¤€ì— ë”°ë¼ ë‹¤ì‹œ descending ë°©ì‹ìœ¼ë¡œ ì •ë ¬(`column1`ì—ì„œ ì •ë ¬ëœ ìˆœì„œë¥¼ ë°”ê¾¸ì§€ ì•Šìœ¼ë©° ë§Œì•½ ë™ì¼ê°’ì´ ì¡´ì¬í•˜ë©´ ê·¸ ì•ˆì—ì„œ `column2`ì˜ ê¸°ì¤€ì„ ì ìš©í•´ ì •ë ¬í•œë‹¤.) |
| `ORDER BY quantityOrdered * priceEach DESC;` | ì—°ì‚° í‘œí˜„ë„ ê°€ëŠ¥ |

~~~~sql
SELECT 
    contactLastname, 
    contactFirstname
FROM
    customers
ORDER BY 
	contactLastname DESC , 
	contactFirstname ASC;
~~~~

Output:

| contactLastname | contactFirstname |
|-----------------|------------------|
| Young           | Dorothy          |
| Young           | Jeff             |
| Young           | Julie            |
| Young           | Mary             |
| Yoshido         | Juri             |
| Walker          | Brydey           |
| Victorino       | Wendy            |
| Urs             | Braun            |
| Tseng           | Jerry            |
| Tonini          | Daniel           |

...

| ëª…ë ¹ì–´                       | ì„¤ëª…              |
| ---------------------------- | ---------------- |
| `SELECT orderNumber, orderLineNumber, quantityOrdered * priceEach AS subtotal FROM orderdetails ORDER BY subtotal DESC;` | `AS`ë¡œ ëª…ì¹­ì´ ë³€ê²½ëœ ê²½ìš° `ORDER BY`ì—ì„œ ì‚¬ìš© ê°€ëŠ¥ |

<p align="center">
  <h3>FIELD()ë¥¼ ì´ìš©í•œ ORDER BY ğŸ‘‡</h3>
  <img src="https://www.mysqltutorial.org/wp-content/uploads/2009/12/orders_table.png" width="150" title="field">
</p>

| ëª…ë ¹ì–´                       | ì„¤ëª…              |
| ---------------------------- | ---------------- |
| `FIELD('str', 'str1','str2','...');` e.g. `SELECT FIELD('B', 'A','B','C');` => `2` | `str1, str2, ...` ì¤‘ `str`ì˜ ìœ„ì¹˜ê°’ì„ ë°˜í™˜ |

~~~~sql
SELECT 
    orderNumber, status
FROM
    orders
ORDER BY FIELD(status,
        'In Process',
        'On Hold',
        'Cancelled',
        'Resolved',
        'Disputed',
        'Shipped');
~~~~

output:

| orderNumber | status     |
|-------------|------------|
|       10425 | In Process |
|       10421 | In Process |
|       10422 | In Process |
|       10420 | In Process |
|       10424 | In Process |
|       10423 | In Process |
|       10414 | On Hold    |
|       10401 | On Hold    |
|       10334 | On Hold    |
|       10407 | On Hold    |

...

ê°ê°ì˜ ìœ„ì¹˜ê°’ì„ `ASC` ë°©ì‹ìœ¼ë¡œ ì¶œë ¥í•˜ê²Œ ë˜ë©´ ìœ„ì™€ ê°™ì€ ê²°ê³¼ê°’ì´ ë‚˜ì˜¨ë‹¤.

**ê¸°íƒ€ì‚¬í•­**
- `NULL`ì€ `non-NULL` ê°’ë³´ë‹¤ ì•ì„ ë‹¤. ë”°ë¼ì„œ `ASC`ë¡œ ì •ë ¬í•  ê²½ìš° `NULL`ê°’ì´ ê°€ì¥ ë¨¼ì € ë‚˜ì—´ë˜ê³  `DESC`ë¡œ ì •ë ¬í•  ê²½ìš° `NULL`ê°’ì„ ê°€ì§„ ë°ì´í„°ë“¤ì€ ê°€ì¥ ë§ˆì§€ë§‰ì— ìœ„ì¹˜í•œë‹¤.

### C. WHERE - Search condition

- `AND`, `OR` ê·¸ë¦¬ê³  `NOT`ê³¼ ê°™ì€ ë…¼ë¦¬ ì—°ì‚°ìë¥¼ ì‚¬ìš©í•´ì„œ í•˜ë‚˜ í˜¹ì€ ì—¬ëŸ¬ê°œì˜ í‘œí˜„ì„ ì¡°í•©í•  ìˆ˜ ìˆë‹¤.
- `SELECT`ì™¸ì—ë„ `UPDATE` í˜¹ì€ `DELETE` êµ¬ë¬¸ì—ì„œë„ ì‚¬ìš©í•  ìˆ˜ ìˆë‹¤.
- ì•„ë˜ì˜ ìˆœì„œëŒ€ë¡œ ì§„í–‰ëœë‹¤.

<p align="center">
  <img src="https://www.mysqltutorial.org/wp-content/uploads/2021/07/MySQL-Where.svg" width="400" title="field">
</p>

~~~~sql
SELECT 
    lastname, 
    firstname, 
    jobtitle,
    officeCode
FROM
    employees
WHERE
    jobtitle = 'Sales Rep' AND 
    officeCode = 1;
~~~~

output: 

| lastname | firstname | jobtitle  | officeCode |
|----------|-----------|-----------|------------|
| Jennings | Leslie    | Sales Rep | 1          |
| Thompson | Leslie    | Sales Rep | 1          |

2 rows in set (0.00 sec)

- **`Between A AND B` ì—°ì‚°ì**

~~~~sql
SELECT 
    firstName, 
    lastName, 
    officeCode
FROM
    employees
WHERE
    officeCode BETWEEN 1 AND 3
ORDER BY officeCode;
~~~~

output: 

| firstName | lastName  | officeCode |
|-----------|-----------|------------|
| Diane     | Murphy    | 1          |
| Mary      | Patterson | 1          |
| Jeff      | Firrelli  | 1          |
| Anthony   | Bow       | 1          |
| Leslie    | Jennings  | 1          |
| Leslie    | Thompson  | 1          |
| Julie     | Firrelli  | 2          |
| Steve     | Patterson | 2          |
| Foon Yue  | Tseng     | 3          |
| George    | Vanauf    | 3          |

10 rows in set (0.00 sec)

- `LIKE` ì—°ì‚°ì: íŠ¹ì • íŒ¨í„´ì— `TRUE`ë¥¼ ë°˜í™˜í•˜ëŠ” ë°ì´í„°ë¥¼ ì¶”ì¶œ

| Wildcard | Description      |
|----------|------------------|
| `%`      | 0 ~ ì—¬ëŸ¬ê°œì˜ ë¬¸ì |
| `_`      | 1 ê°œ ë¬¸ì        |

~~~~sql
SELECT 
    firstName, 
    lastName
FROM
    employees
WHERE
    lastName LIKE '%son'
ORDER BY firstName;
~~~~

output:

| firstName | lastName  |
|-----------|-----------|
| Leslie    | Thompson  |
| Mary      | Patterson |
| Steve     | Patterson |
| William   | Patterson |

4 rows in set (0.00 sec)

- `IN` ì—°ì‚°ì: list ì•ˆì— ìˆëŠ” ê°’ë“¤ ì¤‘ í•œ ê°œë¼ë„ ë§¤ì¹­ë˜ëŠ” ë°ì´í„° ì¶”ì¶œ

~~~~sql
SELECT 
    firstName, 
    lastName, 
    officeCode
FROM
    employees
WHERE
    officeCode IN (1, 2, 3)
ORDER BY 
    officeCode;
~~~~

output:

| firstName | lastName  | officeCode |
|-----------|-----------|------------|
| Diane     | Murphy    | 1          |
| Mary      | Patterson | 1          |
| Jeff      | Firrelli  | 1          |
| Anthony   | Bow       | 1          |
| Leslie    | Jennings  | 1          |
| Leslie    | Thompson  | 1          |
| Julie     | Firrelli  | 2          |
| Steve     | Patterson | 2          |
| Foon Yue  | Tseng     | 3          |
| George    | Vanauf    | 3          |

10 rows in set (0.00 sec)

- `IS NULL` ì—°ì‚°ì: ê°’ì´ `NULL`ì¸ ë°ì´í„°ë¥¼ ì¶”ì¶œ (ìˆ«ì 0ì´ë‚˜ ë¹ˆ ë¬¸ìì—´ê³¼ëŠ” ë‹¤ë¦„)

~~~~sql
SELECT 
    lastName, 
    firstName, 
    reportsTo
FROM
    employees
WHERE
    reportsTo IS NULL;
~~~~

output:

| lastName | firstName | reportsTo |
|----------|-----------|-----------|
| Murphy   | Diane     |      NULL |

1 row in set (0.01 sec)

- ë¹„êµ ì—°ì‚°ì

| Operator     | Description |
|--------------|-------------|
| `=`          | Equal to. You can use it with almost any data type. |
| `<>` or `!=` | Not equal to |
| `<`          | Less than. You typically use it with numeric and date/time data types. |
| `>`          | Greater than. |
| `<=`         | Less than or equal to |
| `>=`         | Greater than or equal to |

~~~~sql
SELECT 
    lastname, 
    firstname, 
    jobtitle
FROM
    employees
WHERE
    jobtitle <> 'Sales Rep';
~~~~

output:

| lastname  | firstname | jobtitle             |
|-----------|-----------|----------------------|
| Murphy    | Diane     | President            |
| Patterson | Mary      | VP Sales             |
| Firrelli  | Jeff      | VP Marketing         |
| Patterson | William   | Sales Manager (APAC) |
| Bondur    | Gerard    | Sale Manager (EMEA)  |
| Bow       | Anthony   | Sales Manager (NA)   |

6 rows in set (0.00 sec)

### D. SELECT DISTINCT - ì¤‘ë³µëœ ì—´ ì œê±°

í…Œì´ë¸”ì—ì„œ ì§ˆì˜ ë°ì´í„°ë¥¼ ì¶”ì¶œí•  ë•Œ ì¤‘ë³µëœ ì—´ì´ ë°œìƒí•˜ëŠ”ë° `SELECT` êµ¬ë¬¸ì—ì„œ `DISTINCT`ë¥¼ ì‚¬ìš©í•¨ìœ¼ë¡œì¨ ì¤‘ë³µì„ ì œê±°í•  ìˆ˜ ìˆë‹¤.

<p align="center">
  <img src="https://www.mysqltutorial.org/wp-content/uploads/2021/07/MySQL-Distinct.svg" width="450" title="field">
</p>

- í•œ ì—´ì— ì—¬ëŸ¬ ê°œì˜ `NULL`ì´ ì¡´ì¬í•˜ëŠ” ê²½ìš° `DISTINCT`ëŠ” ì´ ë˜í•œ ì¤‘ë³µìœ¼ë¡œ íŒë‹¨í•˜ê¸° ë•Œë¬¸ì— ì¤‘ë³µëœ `NULL`ì„ ì œê±°í•˜ê³  í•œ ê°œì˜ `NUlL`ë§Œ ë°˜í™˜í•œë‹¤.
- ì—¬ëŸ¬ ê°œì˜ ì—´ì´ ì£¼ì–´ì§€ëŠ” ê²½ìš°, `DISTINCT`ëŠ” ì—¬ëŸ¬ ê°œì˜ ì—´ì—ì„œ ì¤‘ë³µë˜ëŠ” ë°ì´í„°ë¥¼ ì¢…í•©ì ìœ¼ë¡œ ê³ ë ¤í•˜ì—¬ ê²°ê³¼ë¥¼ ë°˜í™˜í•œë‹¤.

~~~~sql
SELECT DISTINCT
    state, city
FROM
    customers
WHERE
    state IS NOT NULL
ORDER BY 
    state, 
    city;
~~~~

output: 

| state         | city           |
|---------------|----------------|
| BC            | Tsawassen      |
| BC            | Vancouver      |
| CA            | Brisbane       |
| CA            | Burbank        |
| CA            | Burlingame     |
| CA            | Glendale       |
| CA            | Los Angeles    |
| CA            | Pasadena       |
| CA            | San Diego      |

...

ìœ„ì—ì„œ ì¤‘ë³µëœ state ê°’ ì¤‘ ê³ ìœ ì˜ city ê°’ì´ ì¡´ì¬í•˜ëŠ” ê²½ìš° ì œê±°í•˜ì§€ ì•Šê³  stateì™€ city ë‘ ê°œì˜ ì—´ì—ì„œ ëª¨ë‘ ì¤‘ë³µë˜ëŠ” ë°ì´í„°ë§Œ ì œê±°í•œë‹¤. (49 rows => 37 rows)

### E. AND ì—°ì‚°ì

MySQLì€ ë‚´ì¥ëœ Boolean typeì´ ì¡´ì¬í•˜ì§€ ì•Šìœ¼ë¯€ë¡œ ìˆ«ì 0ì„ `FALSE`ë¡œ ê·¸ ì™¸ì˜ ê°’ì„ `TRUE`ë¡œ ì‚¬ìš©í•œë‹¤. `AND` ì—°ì‚°ìëŠ” 2 ê°œ ì´ìƒì˜ Boolean í‘œí˜„ì„ í†µí•©í•´ `1`, `0` í˜¹ì€ `NULL`ì„ ë°˜í™˜í•˜ëŠ” ë…¼ë¦¬ ì—°ì‚°ìì´ë‹¤.

- `A AND B`ì—ì„œ `A`ì™€ `B` ëª¨ë‘ `0`ê³¼ `NULL`ì´ ì•„ë‹ ê²½ìš° `1`ì„ ë°˜í™˜í•œë‹¤.
- ë§Œì•½ ë‘˜ ì¤‘ í•˜ë‚˜ê°€ `0`ì¼ ê²½ìš° `0`ì„ ë°˜í™˜í•œë‹¤.
- ê·¸ ì´ì™¸ì—ëŠ” `NULL`ì„ ë°˜í™˜í•œë‹¤.
- ì‹¤ì‚¬ìš©ì— ìˆì–´ì„œ `AND` ì—°ì‚°ìëŠ” `SELECT`, `UPDATE`, `DELETE` êµ¬ë¬¸ì˜ `WHERE` ì ˆì— ì¡°ê±´ì„ ë‹¤ëŠ” ë°©ì‹ìœ¼ë¡œ ì‚¬ìš©ëœë‹¤.

|           | **TRUE**  | **FALSE** | **NULL**  |
|-----------|-----------|-----------|-----------|
| **TRUE**  | TRUE      | FALSE     | NULL      | 
| **FALSE** | FALSE     | FALSE     | FALSE     |
| **NULL**  | NULL      | FALSE     | NULL      |

~~~~sql
SELECT 1 AND 0, 0 AND 1, 0 AND 0, 0 AND NULL;
~~~~

output: 

| 1 AND 0 | 0 AND 1 | 0 AND 0 | 0 AND NULL |
|---------|---------|---------|------------|
|       0 |       0 |       0 |          0 |

~~~~sql
SELECT 1 = 0 AND 1 / 0 ;
~~~~

output: 

| 1 = 0 AND 1 / 0 |
|-----------------|
|               0 |

ìœ„ì—ì„œ MySQLì€ `1 = 0`ë¶€ë¶„ë§Œ ê²€ì‚¬í•˜ëŠ”ë° ê·¸ ì´ìœ ëŠ” ì´ ë¶€ë¶„ë§Œ ê²€ì‚¬í•´ë„ ì „ì²´ ê°’ì´ 0ì´ ë  ê²ƒì´ë¼ëŠ” ê²ƒì„ ì•Œ ìˆ˜ ìˆê¸° ë•Œë¬¸ì´ë‹¤. (`1/0`ì—ì„œ zero errorê°€ ë°œìƒí•¨ì—ë„ ë¶ˆêµ¬í•˜ê³ : `1/0`ë§Œ ì‹¤í–‰í•  ê²½ìš° wanring ì—ëŸ¬ê°€ ëœ¨ë©° `NULL`ì„ ë°˜í™˜í•¨)

### F. OR ì—°ì‚°ì

|           | **TRUE**  | **FALSE** | **NULL**  |
|-----------|-----------|-----------|-----------|
| **TRUE**  | TRUE      | TRUE      | TRUE      | 
| **FALSE** | TRUE      | FALSE     | NULL      |
| **NULL**  | TRUE      | NULL      | NULL      |

~~~~sql
SELECT 1 OR NULL, 0 OR NULL, NULL or NULL;
~~~~

output:

| 1 OR NULL | 0 OR NULL | NULL or NULL |
|-----------|-----------|--------------|
|         1 |      NULL |         NULL |

**ì—°ì‚°ì ìš°ì„ **

`AND`ì™€ `OR` ì—°ì‚°ìê°€ ëª¨ë‘ í¬í•¨ë˜ì–´ ìˆëŠ” í‘œí˜„êµ¬(expression)ì˜ ê²½ìš°, `AND`ê°€ `OR`ë³´ë‹¤ ìš°ì„ í•œë‹¤. ë”°ë¼ì„œ MySQLì€ `AND` ì—°ì‚°ìë¥¼ ë¨¼ì € í‰ê°€í•œ í›„ì— `OR` ì—°ì‚°ìë¥¼ í‰ê°€í•œë‹¤.

~~~~sql
SELECT 1 OR 0 AND 0;
~~~~

output:

| 1 OR 0 AND 0 |
|--------------|
|            1 |

`OR` ì—°ì‚°ìë¥¼ ë¨¼ì € í‰ê°€í•˜ê³ ì í•˜ëŠ” ê²½ìš° ê´„í˜¸()ë¥¼ í¬í•¨í•œë‹¤.

~~~~sql
SELECT (1 OR 0) AND 0;
~~~~

output:

| (1 OR 0) AND 0 |
|----------------|
|              0 |

~~~~sql
SELECT   
	customername, 
	country, 
	creditLimit
FROM   
	customers
WHERE(country = 'USA'
		OR country = 'France')
	  AND creditlimit > 100000;
~~~~

output: countryê°€ `France`í˜¹ì€ `USA`ë©´ì„œ creditlimitì˜ ì¡°ê±´ì„ ì¶©ì¡±í•˜ëŠ” ë°ì´í„°

| customername                 | country | creditLimit |
|------------------------------|---------|-------------|
| La Rochelle Gifts            | France  |   118200.00 |
| Mini Gifts Distributors Ltd. | USA     |   210500.00 |
| Land of Toys Inc.            | USA     |   114900.00 |
| Saveley & Henriot, Co.       | France  |   123900.00 |
| Muscle Machine Inc           | USA     |   138500.00 |
| Diecast Classics Inc.        | USA     |   100600.00 |
| Collectable Mini Designs Co. | USA     |   105000.00 |
| Marta's Replicas Co.         | USA     |   123700.00 |
| Mini Classics                | USA     |   102700.00 |
| Corporate Gift Ideas Co.     | USA     |   105000.00 |
| Online Diecast Creations Co. | USA     |   114200.00 |

~~~~sql
SELECT    
    customername, 
    country, 
    creditLimit
FROM    
    customers
WHERE 
    country = 'USA'
    OR country = 'France'
    AND creditlimit > 100000;
~~~~

output: countryê°€ `USA`ê±°ë‚˜ creditLimitì´ 100,000 ì´ìƒì´ë©´ì„œ countryê°€ `France`ì¸ ë°ì´í„°

| customername                 | country | creditLimit |
|------------------------------|---------|-------------|
| Signal Gift Stores           | USA     |    71800.00 |
| La Rochelle Gifts            | France  |   118200.00 |
| Mini Gifts Distributors Ltd. | USA     |   210500.00 |
| Mini Wheels Co.              | USA     |    64600.00 |
| Land of Toys Inc.            | USA     |   114900.00 |
| Saveley & Henriot, Co.       | France  |   123900.00 |
| Muscle Machine Inc           | USA     |   138500.00 |
| Diecast Classics Inc.        | USA     |   100600.00 |
| Technics Stores Inc.         | USA     |    84600.00 |
| American Souvenirs Inc       | USA     |        0.00 |

...

### G. IN ì—°ì‚°ì

`IN` ì—°ì‚°ìëŠ” ì„ì˜ì˜ ê°’ì´ listì˜ ê°’ë“¤ê³¼ ë§¤ì¹­ë˜ëŠ”ì§€ë¥¼ í™•ì¸í•œë‹¤.

- `value`ê°’ì´ `NULL`ì¼ ê²½ìš° ê²°ê³¼ê°’ì€ `NULL`ì„ ë°˜í™˜í•œë‹¤.
- `value`ê°’ì´ listì˜ ì–´ë–¤ ê°’ê³¼ë„ ì¼ì¹˜í•˜ì§€ ì•Šê³ , listì— `NULL`ì´ ì¡´ì¬í•˜ëŠ” ê²½ìš° `NULL`ì„ ë°˜í™˜í•œë‹¤.

~~~~sql
value IN (value1, value2, value3,...)
~~~~

ìœ„ì˜ ì‹ì—ì„œ `value`ê°€ `IN` ì´í•˜ì˜ ê°’ë“¤ ì¤‘ ì–´ëŠ í•˜ë‚˜ì™€ ë§¤ì¹­ë˜ëŠ” ê²½ìš° 1(true)ì„ ë°˜í™˜í•˜ê³  ê·¸ë ‡ì§€ ì•Šìœ¼ë©´ 0(false)ì„ ë°˜í™˜í•œë‹¤. 

~~~~sql
SELECT 2 IN (1, 2, 3);
~~~~

output: 2ì˜ ê°’ì´ list ì¤‘ í•˜ë‚˜ì— ì†í•˜ë¯€ë¡œ trueì¸ 1ì¼ ë°˜í™˜í•œë‹¤.

| 2 IN (1,2,3) |
|--------------|
|            1 |

~~~~sql
SELECT 
    officeCode, 
    city, 
    phone, 
    country
FROM
    offices
WHERE
    country IN ('USA' , 'France');
~~~~

output: `country = 'USA' OR country = 'France'`ê³¼ ë™ì¼í•œ ê²°ê³¼ë¥¼ ë°˜í™˜í•œë‹¤.

| officeCode | city          | phone           | country |
|------------|---------------|-----------------|---------|
| 1          | San Francisco | +1 650 219 4782 | USA     |
| 2          | Boston        | +1 215 837 0825 | USA     |
| 3          | NYC           | +1 212 555 3000 | USA     |
| 4          | Paris         | +33 14 723 4404 | France  |

### H. NOT IN ì—°ì‚°ì

`NOT IN` ì—°ì‚°ìëŠ” ì„ì˜ì˜ ê°’ì´ listì˜ ì–´ë–¤ ê°’ë“¤ ê³¼ë„ ì¼ì¹˜í•˜ì§€ ì•Šì„ ë•Œ ì–´ëŠ í•˜ë‚˜ë¥¼ ë°˜í™˜í•˜ê³  ê·¸ë ‡ì§€ ì•Šìœ¼ë©´ 0ì„ ë°˜í™˜í•œë‹¤. ê¸°ìˆ ì ìœ¼ë¡œ ì•„ë˜ì˜ ê°’ê³¼ ê°™ë‹¤.

~~~~sql
NOT (value = value1 OR value = value2 OR value = valu3)
~~~~

~~~~sql
SELECT 1 NOT IN (1,2,3);
~~~~

output: 

| 1 NOT IN (1,2,3) |
|------------------|
|                0 |

~~~~sql
SELECT 0 NOT IN (1,2,3,NULL);
SELECT NULL NOT IN (1,2,3,NULL);
SELECT NULL NOT IN (1,2,3);
~~~~

output: `NULL`

~~~~sql
SELECT 
    officeCode, 
    city, 
    phone
FROM
    offices
WHERE
    country NOT IN ('USA' , 'France')
ORDER BY 
    city;
~~~~

output:

| officeCode | city   | phone            |
|------------|--------|------------------|
| 7          | London | +44 20 7877 2041 |
| 6          | Sydney | +61 2 9264 2451  |
| 5          | Tokyo  | +81 33 224 5000  |

### I. BETWEEN ì—°ì‚°ì

~~~~sql
value BETWEEN low AND high;
~~~~

`BETWEEN` ì—°ì‚°ìëŠ” ì„ì˜ì˜ ê°’ì´ ë²”ìœ„ ì•ˆì— ì¡´ì¬í•˜ëŠ”ì§€ ì—¬ë¶€ë¥¼ í™•ì¸í•˜ëŠ” ë…¼ë¦¬ ì—°ì‚°ìë‹¤. ë²”ìœ„ ì•ˆì— ì¡´ì¬í•  ê²½ìš° 1(true)ì„ ë°˜í™˜í•˜ê³  ê·¸ë ‡ì§€ ì•Šì„ ê²½ìš° 0(false)ì„ ë°˜í™˜í•œë‹¤. ë§Œì•½, `value`, `low` í˜¹ì€ `high` ì¤‘ í•˜ë‚˜ê°€ `NULL`ì¼ ê²½ìš° ì—°ì‚°ìëŠ” `NULL`ì„ ë°˜í™˜í•œë‹¤.

~~~~sql
SELECT 
   orderNumber,
   requiredDate,
   status
FROM 
   orders
WHERE 
   requireddate BETWEEN 
     CAST('2003-01-01' AS DATE) AND 
     CAST('2003-01-31' AS DATE);
~~~~

output:

| orderNumber | requiredDate | status  |
|-------------|--------------|---------|
|       10100 | 2003-01-13   | Shipped |
|       10101 | 2003-01-18   | Shipped |
|       10102 | 2003-01-18   | Shipped |

**NOT BETWEEN**

`BETWEEN` ì—°ì‚°ì ì•ì— `NOT`ì´ ë¶™ì–´ BETWEENì˜ ì—°ì‚°ê°’ì˜ ì—­ì„ ë°˜í™˜í•œë‹¤.

### J. LIKE ì—°ì‚°ì

`LIKE` ì—°ì‚°ìëŠ” ì„ì˜ì˜ ë¬¸ìì—´ì´ íŠ¹ì • íŒ¨í„´ì„ í¬í•¨í•˜ëŠ”ì§€ ì—¬ë¶€ë¥¼ í…ŒìŠ¤íŠ¸í•˜ëŠ” ë…¼ë¦¬ ì—°ì‚°ìë‹¤.

~~~~sql
expression LIKE pattern ESCAPE escape_character
~~~~

`expression`ì´ `pattern`ì— ì¼ì¹˜í•˜ê²Œ ë˜ë©´ `LIKE` ì—°ì‚°ìëŠ” `1(true)`ë¥¼ ë°˜í™˜í•˜ê³  ê·¸ë ‡ì§€ ì•Šìœ¼ë©´ `0(false)`ë¥¼ ë°˜í™˜í•œë‹¤.

| Wildcard | Description      |
|----------|------------------|
| `%`      | 0 ~ ì—¬ëŸ¬ê°œì˜ ë¬¸ì |
| `_`      | 1 ê°œ ë¬¸ì        |

ì˜ˆë¥¼ ë“¤ì–´, `s%`ëŠ” `sun`ê³¼ `six`ì™€ ê°™ì´ `s`ë¡œ ì‹œì‘í•˜ëŠ” ì–´ë–¤ ë¬¸ìì—´ì´ë¼ë„ ë°˜í™˜í•œë‹¤. `se_`ëŠ” `see`ì™€ `sea`ì™€ ê°™ì´ `se` ë‹¤ìŒì— í•˜ë‚˜ì˜ ì¶”ê°€ characterê°€ ì˜¤ëŠ” ë¬¸ìì—´ì„ ë°˜í™˜í•œë‹¤. 

patternì´ ì™€ì¼ë“œì¹´ë“œ characterë¥¼ í¬í•¨í•˜ê³  ìˆê³  ì´ê²ƒì„ ì¼ë°˜ì  characterë¡œ ë‹¤ë£¨ê¸¸ ì›í•  ë•ŒëŠ” `ESCAPE` ì ˆì„ ì‚¬ìš©í•  ìˆ˜ ìˆë‹¤.

ì¼ë°˜ì ìœ¼ë¡œ `LIKE` ì—°ì‚°ìëŠ” `SELECT`, `DELETE` ê·¸ë¦¬ê³  `UPDATE` êµ¬ë¬¸ì˜ `WHERE` ì ˆì—ì„œ ì‚¬ìš©í•  ìˆ˜ ìˆë‹¤.

~~~~sql
SELECT 
    employeeNumber, 
    lastName, 
    firstName
FROM
    employees
WHERE
    lastname LIKE '%on%';
~~~~

output: `on` ë¶€ë¶„ ë¬¸ìì—´ì„ í¬í•¨í•˜ëŠ” ëª¨ë“  ë°ì´í„°ë¥¼ ì°¾ëŠ”ë‹¤.

| employeeNumber | lastName  | firstName |
|----------------|-----------|-----------|
|           1056 | Patterson | Mary      |
|           1088 | Patterson | William   |
|           1102 | Bondur    | Gerard    |
|           1166 | Thompson  | Leslie    |
|           1216 | Patterson | Steve     |
|           1337 | Bondur    | Loui      |
|           1504 | Jones     | Barry     |

~~~~sql
SELECT 
    employeeNumber, 
    lastName, 
    firstName
FROM
    employees
WHERE
    firstname LIKE 'M_ry';
~~~~

output:

| employeeNumber | lastName  | firstName |
|----------------|-----------|-----------|
|           1056 | Patterson | Mary      |

**NOT LIKE ì—°ì‚°ì**

íŠ¹ì • íŒ¨í„´ì— ë§¤ì¹­ë˜ëŠ” ë°ì´í„°ë¥¼ ì œì™¸í•œ ì •ë³´ë¥¼ ì–»ì„ ìˆ˜ ìˆë‹¤.

~~~~sql
SELECT 
    employeeNumber, 
    lastName, 
    firstName
FROM
    employees
WHERE
    lastName NOT LIKE 'B%';
~~~~

output: `B%` íŒ¨í„´ì— ë§ëŠ” ë°ì´í„°ë¥¼ ì œì™¸í•œ ì •ë³´ë¥¼ ì œê³µí•œë‹¤.

| employeeNumber | lastName  | firstName |
|----------------|-----------|-----------|
|           1002 | Murphy    | Diane     |
|           1056 | Patterson | Mary      |
|           1076 | Firrelli  | Jeff      |
|           1088 | Patterson | William   |
|           1165 | Jennings  | Leslie    |
|           1166 | Thompson  | Leslie    |
|           1188 | Firrelli  | Julie     |
|           1216 | Patterson | Steve     |
|           1286 | Tseng     | Foon Yue  |
|           1323 | Vanauf    | George    |
|           1370 | Hernandez | Gerard    |
|           1401 | Castillo  | Pamela    |
|           1504 | Jones     | Barry     |
|           1611 | Fixter    | Andy      |
|           1612 | Marsh     | Peter     |
|           1619 | King      | Tom       |
|           1621 | Nishi     | Mami      |
|           1625 | Kato      | Yoshimi   |
|           1702 | Gerard    | Martin    |

**ESCAPE ì ˆê³¼ LIKE ì—°ì‚°ì**

ë•Œë•Œë¡œ `10%`, `_20` ë“±ê³¼ ê°™ì€ ë°ì´í„°ë¥¼ ì²˜ë¦¬í•´ì•¼ í•˜ëŠ” ìˆœê°„ì´ ìˆëŠ”ë° í•´ë‹¹ íŠ¹ìˆ˜ë¬¸ìë“¤ì€ ëª¨ë‘ ì™€ì¼ë“œì¹´ë“œë¡œ ì“°ì´ê³  ìˆê¸° ë•Œë¬¸ì— `ESCAPE` ì²˜ë¦¬ë¥¼ í•´ ì¼ë°˜ ë¬¸ìë¡œ ë³´ì´ë„ë¡ ë³€ê²½í•´ì£¼ì–´ì•¼ í•œë‹¤. ë§Œì•½ escape ë¬¸ìë¥¼ ëª…ì‹œì ìœ¼ë¡œ ì§€ì •í•˜ì§€ ì•Šìœ¼ë©´ ë°±ìŠ¬ë˜ì‹œ(`\`)ê°€ ê¸°ë³¸ escape ë¬¸ìê°€ ëœë‹¤.

ì˜ˆë¥¼ ë“¤ì–´, ë§Œì•½ `_20`ì„ í¬í•¨í•˜ëŠ” ë°ì´í„°ë¥¼ ì°¾ì„ ê²½ìš°ì— `%\_20%`ì„ ì‚¬ìš©í•  ìˆ˜ ìˆë‹¤.

~~~~sql
SELECT 
    productCode, 
    productName
FROM
    products
WHERE
    productCode LIKE '%\_20%';
~~~~

output: ê¸°ë³¸ escape ë¬¸ì(`\`)

| productCode | productName                               |
|-------------|-------------------------------------------|
| S10_2016    | 1996 Moto Guzzi 1100i                     |
| S24_2000    | 1960 BSA Gold Star DBD34                  |
| S24_2011    | 18th century schooner                     |
| S24_2022    | 1938 Cadillac V-16 Presidential Limousine |
| S700_2047   | HMS Bounty                                |

~~~~sql
SELECT 
    productCode, 
    productName
FROM
    products
WHERE
    productCode LIKE '%$_20%' ESCAPE '$';
~~~~

output: ì§€ì • escape ë¬¸ì(`$`)

| productCode | productName                               |
|-------------|-------------------------------------------|
| S10_2016    | 1996 Moto Guzzi 1100i                     |
| S24_2000    | 1960 BSA Gold Star DBD34                  |
| S24_2011    | 18th century schooner                     |
| S24_2022    | 1938 Cadillac V-16 Presidential Limousine |
| S700_2047   | HMS Bounty                                |

## 3. Error í•´ê²°

| ì—ëŸ¬ëª…                                                                                  | í•´ê²°                                                                |
| --------------------------------------------------------------------------------------- | -----------------------------------------------------------------  |
| ERROR 1045 (28000): Access denied for user 'root'@'localhost' (using password: NO)      | ë¹„ë°€ë²ˆí˜¸ê°€ ì„¤ì •ëœ ìƒíƒœë¡œ mysql ë¡œê·¸ì¸ ì‹œ `-p` íƒœê·¸ë¥¼ ë¶™ì—¬ì¤˜ì•¼ í•¨       |
| ë¹„ë°€ë²ˆí˜¸ ì„¤ì •ì´ ì•ˆëê±°ë‚˜ ìƒˆë¡œ ì„¤ì •ì´ í•„ìš”í•œ ê²½ìš° | `ALTER USER 'root'@'localhost' IDENTIFIED WITH mysql_native_password BY 'new-password';` |

## 4. ì£¼ìš” Terminal ëª…ë ¹ì–´

`sudo systemctl status mysql`: mysql ì„œë²„ ìŠ¤íƒ€íŠ¸
`sudo mysql -u root -p`: mysql ì„œë²„ ì—°ê²°
`show databases;`: ì„œë²„ ì—°ê²° í›„ ìµœê·¼ ì„œë²„ì—ì„œì˜ ëª¨ë“  ë°ì´í„°ë² ì´ìŠ¤ë¥¼ ë³´ì—¬ì¤Œ