---
layout: post
title: "My SQL basic ë©”ëª¨"
date: 2021-11-30 20:42:00 +0900
parent: Sql
categories: sql, mysql, basic
nav_order: 2
comments: false
---

*2021-11-30 20:42 ì‘ì„±*

# My SQL basic ë©”ëª¨

## 1. SQL ì •ì˜
SQLì€ Structured query languageë¥¼ ì˜ë¯¸í•˜ê³  ë‹¤ìŒì˜ ì„¸ ê°€ì§€ë¥¼ í¬í•¨í•œë‹¤.

1. í…Œì´ë¸”, ë·°, íŠ¸ë¦¬ê±°, ì €ì¥ëœ ì ˆì°¨ ë“±ì„ ì˜ë¯¸í•˜ëŠ” ì •ì˜ì  ì–¸ì–´
2. ë°ì´í„° ì—…ë°ì´íŠ¸, ì¿¼ë¦¬ë¥¼ ìˆ˜í–‰í•˜ëŠ” ì¡°ì‘ì  ì–¸ì–´
3. ìœ ì €ê°€ íŠ¹ì • ë°ì´í„°ë² ì´ìŠ¤ì— ì ‘ê·¼í•˜ëŠ” ê²ƒì„ í—ˆìš©/ë¶ˆí—ˆìš©í•˜ëŠ” í†µì œì  ì–¸ì–´

## 2. MySQL ëª…ë ¹ì–´

### A. SELECT
| ëª…ë ¹ì–´                       | ì„¤ëª…              |
| ---------------------------- | ---------------- |
| `SELECT 1 + 1`               | `2`              |
| `SELECT NOW()`               | `2021-11-30 15:54:24` |
| `SELECT CONCAT('John', ' ', 'Doe')` | `John Doe` |
| `SELECT select_list FROM dual` | `dual`ì€ dummy clauseë¡œ ì‹¤ì œì  ì˜ë¯¸ë¥¼ ê°–ì§€ ì•ŠëŠ”ë‹¤. ì‹¤ì œ tableì„ ì§€ì •í•˜ì§€ ì•Šê³  `FROM`ì„ ì‚¬ìš©í•´ì•¼ í•  ê²½ìš° ì‚¬ìš©í•œë‹¤. |
| `SELECT expression AS column_alias;` = `SELECT expression column_alias;` (e.g. `SELECT CONCAT('Jane',' ','Doe') AS 'Full name';`, `SELECT CONCAT('John',' ','Doe') AS name;`) | `AS` ì´í•˜ì˜ `column_alias`ë¡œ ì´ë¦„ì„ ë³€ê²½í•  ìˆ˜ ìˆë‹¤. |

### B. ORDER BY - ì •ë ¬
<p align="center">
  <img src="https://www.mysqltutorial.org/wp-content/uploads/2021/07/MySQL-ORDER-BY.svg" width="350" title="order by">
</p>

| ëª…ë ¹ì–´                       | ì„¤ëª…              |
| ---------------------------- | ---------------- |
| `ORDER BY column1 ASC, column2 DESC;` | `column1`ì„ ascending ë°©ì‹ìœ¼ë¡œ ì •ë ¬í•œ ë’¤ ì •ë ¬ê°’ì„ `column2`ì˜ ê¸°ì¤€ì— ë”°ë¼ ë‹¤ì‹œ descending ë°©ì‹ìœ¼ë¡œ ì •ë ¬(`column1`ì—ì„œ ì •ë ¬ëœ ìˆœì„œë¥¼ ë°”ê¾¸ì§€ ì•Šìœ¼ë©° ë§Œì•½ ë™ì¼ê°’ì´ ì¡´ì¬í•˜ë©´ ê·¸ ì•ˆì—ì„œ `column2`ì˜ ê¸°ì¤€ì„ ì ìš©í•´ ì •ë ¬í•œë‹¤.) |
| `ORDER BY quantityOrdered * priceEach DESC;` | ì—°ì‚° í‘œí˜„ë„ ê°€ëŠ¥ |

~~~~sql
SELECT 
    contactLastname, 
    contactFirstname
FROM
    customers
ORDER BY 
	contactLastname DESC , 
	contactFirstname ASC;
~~~~

Output:
| contactLastname | contactFirstname |
|-----------------|------------------|
| Young           | Dorothy          |
| Young           | Jeff             |
| Young           | Julie            |
| Young           | Mary             |
| Yoshido         | Juri             |
| Walker          | Brydey           |
| Victorino       | Wendy            |
| Urs             | Braun            |
| Tseng           | Jerry            |
| Tonini          | Daniel           |
...

| ëª…ë ¹ì–´                       | ì„¤ëª…              |
| ---------------------------- | ---------------- |
| `SELECT orderNumber, orderLineNumber, quantityOrdered * priceEach AS subtotal FROM orderdetails ORDER BY subtotal DESC;` | `AS`ë¡œ ëª…ì¹­ì´ ë³€ê²½ëœ ê²½ìš° `ORDER BY`ì—ì„œ ì‚¬ìš© ê°€ëŠ¥ |

<p align="center">
  <h3>FIELD()ë¥¼ ì´ìš©í•œ ORDER BY ğŸ‘‡</h3>
  <img src="https://www.mysqltutorial.org/wp-content/uploads/2009/12/orders_table.png" width="150" title="field">
</p>

| ëª…ë ¹ì–´                       | ì„¤ëª…              |
| ---------------------------- | ---------------- |
| `FIELD('str', 'str1','str2','...');` e.g. `SELECT FIELD('B', 'A','B','C');` => `2` | `str1, str2, ...` ì¤‘ `str`ì˜ ìœ„ì¹˜ê°’ì„ ë°˜í™˜ |

~~~~sql
SELECT 
    orderNumber, status
FROM
    orders
ORDER BY FIELD(status,
        'In Process',
        'On Hold',
        'Cancelled',
        'Resolved',
        'Disputed',
        'Shipped');
~~~~

output:
| orderNumber | status     |
|-------------|------------|
|       10425 | In Process |
|       10421 | In Process |
|       10422 | In Process |
|       10420 | In Process |
|       10424 | In Process |
|       10423 | In Process |
|       10414 | On Hold    |
|       10401 | On Hold    |
|       10334 | On Hold    |
|       10407 | On Hold    |
...

ê°ê°ì˜ ìœ„ì¹˜ê°’ì„ `ASC` ë°©ì‹ìœ¼ë¡œ ì¶œë ¥í•˜ê²Œ ë˜ë©´ ìœ„ì™€ ê°™ì€ ê²°ê³¼ê°’ì´ ë‚˜ì˜¨ë‹¤.

**ê¸°íƒ€ì‚¬í•­**
- `NULL`ì€ `non-NULL` ê°’ë³´ë‹¤ ì•ì„ ë‹¤. ë”°ë¼ì„œ `ASC`ë¡œ ì •ë ¬í•  ê²½ìš° `NULL`ê°’ì´ ê°€ì¥ ë¨¼ì € ë‚˜ì—´ë˜ê³  `DESC`ë¡œ ì •ë ¬í•  ê²½ìš° `NULL`ê°’ì„ ê°€ì§„ ë°ì´í„°ë“¤ì€ ê°€ì¥ ë§ˆì§€ë§‰ì— ìœ„ì¹˜í•œë‹¤.

### C. WHERE - Search condition

- `AND`, `OR` ê·¸ë¦¬ê³  `NOT`ê³¼ ê°™ì€ ë…¼ë¦¬ ì—°ì‚°ìë¥¼ ì‚¬ìš©í•´ì„œ í•˜ë‚˜ í˜¹ì€ ì—¬ëŸ¬ê°œì˜ í‘œí˜„ì„ ì¡°í•©í•  ìˆ˜ ìˆë‹¤.
- `SELECT`ì™¸ì—ë„ `UPDATE` í˜¹ì€ `DELETE` êµ¬ë¬¸ì—ì„œë„ ì‚¬ìš©í•  ìˆ˜ ìˆë‹¤.
- ì•„ë˜ì˜ ìˆœì„œëŒ€ë¡œ ì§„í–‰ëœë‹¤.

<p align="center">
  <img src="https://www.mysqltutorial.org/wp-content/uploads/2021/07/MySQL-Where.svg" width="400" title="field">
</p>

~~~~sql
SELECT 
    lastname, 
    firstname, 
    jobtitle,
    officeCode
FROM
    employees
WHERE
    jobtitle = 'Sales Rep' AND 
    officeCode = 1;
~~~~

output: 
| lastname | firstname | jobtitle  | officeCode |
|----------|-----------|-----------|------------|
| Jennings | Leslie    | Sales Rep | 1          |
| Thompson | Leslie    | Sales Rep | 1          |
2 rows in set (0.00 sec)

- **`Between A AND B` ì—°ì‚°ì**

~~~~sql
SELECT 
    firstName, 
    lastName, 
    officeCode
FROM
    employees
WHERE
    officeCode BETWEEN 1 AND 3
ORDER BY officeCode;
~~~~

output: 
| firstName | lastName  | officeCode |
|-----------|-----------|------------|
| Diane     | Murphy    | 1          |
| Mary      | Patterson | 1          |
| Jeff      | Firrelli  | 1          |
| Anthony   | Bow       | 1          |
| Leslie    | Jennings  | 1          |
| Leslie    | Thompson  | 1          |
| Julie     | Firrelli  | 2          |
| Steve     | Patterson | 2          |
| Foon Yue  | Tseng     | 3          |
| George    | Vanauf    | 3          |
10 rows in set (0.00 sec)

- `LIKE` ì—°ì‚°ì: íŠ¹ì • íŒ¨í„´ì— `TRUE`ë¥¼ ë°˜í™˜í•˜ëŠ” ë°ì´í„°ë¥¼ ì¶”ì¶œ

| Wildcard | Description      |
|----------|------------------|
| `%`      | 0 ~ ì—¬ëŸ¬ê°œì˜ ë¬¸ì |
| `_`      | 1 ê°œ ë¬¸ì        |

~~~~sql
SELECT 
    firstName, 
    lastName
FROM
    employees
WHERE
    lastName LIKE '%son'
ORDER BY firstName;
~~~~

output:
| firstName | lastName  |
|-----------|-----------|
| Leslie    | Thompson  |
| Mary      | Patterson |
| Steve     | Patterson |
| William   | Patterson |
4 rows in set (0.00 sec)

- `IN` ì—°ì‚°ì: list ì•ˆì— ìˆëŠ” ê°’ë“¤ ì¤‘ í•œ ê°œë¼ë„ ë§¤ì¹­ë˜ëŠ” ë°ì´í„° ì¶”ì¶œ

~~~~sql
SELECT 
    firstName, 
    lastName, 
    officeCode
FROM
    employees
WHERE
    officeCode IN (1, 2, 3)
ORDER BY 
    officeCode;
~~~~

output:
| firstName | lastName  | officeCode |
|-----------|-----------|------------|
| Diane     | Murphy    | 1          |
| Mary      | Patterson | 1          |
| Jeff      | Firrelli  | 1          |
| Anthony   | Bow       | 1          |
| Leslie    | Jennings  | 1          |
| Leslie    | Thompson  | 1          |
| Julie     | Firrelli  | 2          |
| Steve     | Patterson | 2          |
| Foon Yue  | Tseng     | 3          |
| George    | Vanauf    | 3          |
10 rows in set (0.00 sec)

- `IS NULL` ì—°ì‚°ì: ê°’ì´ `NULL`ì¸ ë°ì´í„°ë¥¼ ì¶”ì¶œ (ìˆ«ì 0ì´ë‚˜ ë¹ˆ ë¬¸ìì—´ê³¼ëŠ” ë‹¤ë¦„)

~~~~sql
SELECT 
    lastName, 
    firstName, 
    reportsTo
FROM
    employees
WHERE
    reportsTo IS NULL;
~~~~

output:
| lastName | firstName | reportsTo |
|----------|-----------|-----------|
| Murphy   | Diane     |      NULL |
1 row in set (0.01 sec)

- ë¹„êµ ì—°ì‚°ì

| Operator     | Description |
|--------------|-------------|
| `=`          | Equal to. You can use it with almost any data type. |
| `<>` or `!=` | Not equal to |
| `<`          | Less than. You typically use it with numeric and date/time data types. |
| `>`          | Greater than. |
| `<=`         | Less than or equal to |
| `>=`         | Greater than or equal to |

~~~~sql
SELECT 
    lastname, 
    firstname, 
    jobtitle
FROM
    employees
WHERE
    jobtitle <> 'Sales Rep';
~~~~

output:
| lastname  | firstname | jobtitle             |
|-----------|-----------|----------------------|
| Murphy    | Diane     | President            |
| Patterson | Mary      | VP Sales             |
| Firrelli  | Jeff      | VP Marketing         |
| Patterson | William   | Sales Manager (APAC) |
| Bondur    | Gerard    | Sale Manager (EMEA)  |
| Bow       | Anthony   | Sales Manager (NA)   |
6 rows in set (0.00 sec)

`ALTER USER 'root'@'localhost' IDENTIFIED WITH mysql_native_password BY 'new-password';`: ë¹„ë°€ë²ˆí˜¸ ë³€ê²½

## 3. Error í•´ê²°

| ì—ëŸ¬ëª…                                                                                  | í•´ê²°                                                                |
| --------------------------------------------------------------------------------------- | -----------------------------------------------------------------  |
| ERROR 1045 (28000): Access denied for user 'root'@'localhost' (using password: NO)      | ë¹„ë°€ë²ˆí˜¸ê°€ ì„¤ì •ëœ ìƒíƒœë¡œ mysql ë¡œê·¸ì¸ ì‹œ `-p` íƒœê·¸ë¥¼ ë¶™ì—¬ì¤˜ì•¼ í•¨       |

## 4. ì£¼ìš” Terminal ëª…ë ¹ì–´

`sudo systemctl status mysql`: mysql ì„œë²„ ìŠ¤íƒ€íŠ¸
`sudo mysql -u root -p`: mysql ì„œë²„ ì—°ê²°
`show databases;`: ì„œë²„ ì—°ê²° í›„ ìµœê·¼ ì„œë²„ì—ì„œì˜ ëª¨ë“  ë°ì´í„°ë² ì´ìŠ¤ë¥¼ ë³´ì—¬ì¤Œ